Serial Number,Code,Quantity,Type
6NS7G38O,ytfghjmkou8,1,Qr
XC0Y4QD8,abc-abc-1234,1,Barcode
BSFABLVB,6trfvghbjj,2,Qr
N3A2VI0T,jhgbnnhv,1,Barcode
J5XBS4II,sample text,1,Text
COWD8DP5,">
' ; -
&- o
-

. b3 [

';"".'-; '%-.‘

—~ ===

% f—

o= s

@\’{f:/cy’:’:f‘::lqer

~-‘,/ o\"",‘\ =2 . 5

y, '2}/377,,,‘ ; l; n

4 7/“7 t",1,Text
W5BP9H25,":——'ﬁ-*hh —_—
.
s
b
ey e
t
> rt sr,
.*o_-.-,m
o 3
il s, —
‘.i e )
y et
e",1,Text
EQOJ7ALT,"e free barcode< online
oy el
a ashy
*wars nstallation
0
128
i vl ek a
r l l t
sn rn y
i el",1,Text
778G685M,"b ! a
generate free barcodes online
the thar
oh*ash
tany software installation (]
d
code f
y10 ensure functionality. by clcking ""accept,you agree o (s) th use of additionsl cookie
a t s a s
ror, read our vacy policy (mprind
e .
ly, ) - [ ]",1,Text
